text,label
"Dear user, verify your KYC at http://bit.ly/fake to avoid suspension.",1
Meeting reminder: Project sync at 2:00 PM.,0
Urgent: Your account XYZ Bank has been compromised. Click here http://bit.ly/fake to reset.,1
Your order #9202 has been shipped.,0
Urgent: Your account XYZ Bank has been compromised. Click here http://bit.ly/fake to reset.,1
Your order #8509 has been shipped.,0
Bank Alert: Unauthorized transaction of $500 detected. Review: http://bit.ly/fake,1
Urgent: Your account XYZ Bank has been compromised. Click here http://bit.ly/fake to reset.,1
Urgent: Your account XYZ Bank has been compromised. Click here http://bit.ly/fake to reset.,1
Meeting reminder: Project sync at 2:00 PM.,0
Your order #7749 has been shipped.,0
"Dear user, verify your KYC at http://bit.ly/fake to avoid suspension.",1
Urgent: Your account XYZ Bank has been compromised. Click here http://bit.ly/fake to reset.,1
Congratulations! You won a iPhone 15. Claim it at http://bit.ly/fake.,1
Meeting reminder: Project sync at 2:00 PM.,0
Urgent: Your account XYZ Bank has been compromised. Click here http://bit.ly/fake to reset.,1
Meeting reminder: Project sync at 2:00 PM.,0
"Hi, are we still on for lunch?",0
Urgent: Your account XYZ Bank has been compromised. Click here http://bit.ly/fake to reset.,1
"Dear user, verify your KYC at http://bit.ly/fake to avoid suspension.",1
"Hi, are we still on for lunch?",0
Security Alert: specific login detected from new device.,0
"Hi, are we still on for lunch?",0
Urgent: Your account XYZ Bank has been compromised. Click here http://bit.ly/fake to reset.,1
Security Alert: specific login detected from new device.,0
Urgent: Your account XYZ Bank has been compromised. Click here http://bit.ly/fake to reset.,1
Bank Alert: Unauthorized transaction of $500 detected. Review: http://bit.ly/fake,1
Congratulations! You won a iPhone 15. Claim it at http://bit.ly/fake.,1
Urgent: Your account XYZ Bank has been compromised. Click here http://bit.ly/fake to reset.,1
Security Alert: specific login detected from new device.,0
Meeting reminder: Project sync at 2:00 PM.,0
Meeting reminder: Project sync at 2:00 PM.,0
"Hi, are we still on for lunch?",0
Congratulations! You won a iPhone 15. Claim it at http://bit.ly/fake.,1
Your order #7390 has been shipped.,0
"Dear user, verify your KYC at http://bit.ly/fake to avoid suspension.",1
"Hi, are we still on for lunch?",0
Security Alert: specific login detected from new device.,0
Urgent: Your account XYZ Bank has been compromised. Click here http://bit.ly/fake to reset.,1
"Hi, are we still on for lunch?",0
Your order #1051 has been shipped.,0
"Dear user, verify your KYC at http://bit.ly/fake to avoid suspension.",1
"Hi, are we still on for lunch?",0
Meeting reminder: Project sync at 2:00 PM.,0
Your order #4694 has been shipped.,0
"Hi, are we still on for lunch?",0
Your order #7848 has been shipped.,0
"Hi, are we still on for lunch?",0
"Hi, are we still on for lunch?",0
Bank Alert: Unauthorized transaction of $500 detected. Review: http://bit.ly/fake,1
Congratulations! You won a iPhone 15. Claim it at http://bit.ly/fake.,1
Urgent: Your account XYZ Bank has been compromised. Click here http://bit.ly/fake to reset.,1
Your order #1460 has been shipped.,0
Security Alert: specific login detected from new device.,0
"Dear user, verify your KYC at http://bit.ly/fake to avoid suspension.",1
Congratulations! You won a iPhone 15. Claim it at http://bit.ly/fake.,1
Meeting reminder: Project sync at 2:00 PM.,0
Meeting reminder: Project sync at 2:00 PM.,0
"Hi, are we still on for lunch?",0
Your order #5843 has been shipped.,0
Urgent: Your account XYZ Bank has been compromised. Click here http://bit.ly/fake to reset.,1
Urgent: Your account XYZ Bank has been compromised. Click here http://bit.ly/fake to reset.,1
Urgent: Your account XYZ Bank has been compromised. Click here http://bit.ly/fake to reset.,1
"Hi, are we still on for lunch?",0
Bank Alert: Unauthorized transaction of $500 detected. Review: http://bit.ly/fake,1
"Dear user, verify your KYC at http://bit.ly/fake to avoid suspension.",1
Bank Alert: Unauthorized transaction of $500 detected. Review: http://bit.ly/fake,1
"Hi, are we still on for lunch?",0
Congratulations! You won a iPhone 15. Claim it at http://bit.ly/fake.,1
Meeting reminder: Project sync at 2:00 PM.,0
"Hi, are we still on for lunch?",0
"Hi, are we still on for lunch?",0
Meeting reminder: Project sync at 2:00 PM.,0
Your order #1153 has been shipped.,0
Meeting reminder: Project sync at 2:00 PM.,0
Your order #3049 has been shipped.,0
Meeting reminder: Project sync at 2:00 PM.,0
Bank Alert: Unauthorized transaction of $500 detected. Review: http://bit.ly/fake,1
"Hi, are we still on for lunch?",0
Security Alert: specific login detected from new device.,0
"Dear user, verify your KYC at http://bit.ly/fake to avoid suspension.",1
Security Alert: specific login detected from new device.,0
Your order #5196 has been shipped.,0
Your order #5556 has been shipped.,0
"Hi, are we still on for lunch?",0
"Hi, are we still on for lunch?",0
Security Alert: specific login detected from new device.,0
"Dear user, verify your KYC at http://bit.ly/fake to avoid suspension.",1
Urgent: Your account XYZ Bank has been compromised. Click here http://bit.ly/fake to reset.,1
Your order #8282 has been shipped.,0
Security Alert: specific login detected from new device.,0
Congratulations! You won a iPhone 15. Claim it at http://bit.ly/fake.,1
"Hi, are we still on for lunch?",0
Urgent: Your account XYZ Bank has been compromised. Click here http://bit.ly/fake to reset.,1
Congratulations! You won a iPhone 15. Claim it at http://bit.ly/fake.,1
Security Alert: specific login detected from new device.,0
Congratulations! You won a iPhone 15. Claim it at http://bit.ly/fake.,1
"Hi, are we still on for lunch?",0
Your order #1497 has been shipped.,0
Bank Alert: Unauthorized transaction of $500 detected. Review: http://bit.ly/fake,1
Meeting reminder: Project sync at 2:00 PM.,0
Meeting reminder: Project sync at 2:00 PM.,0
Bank Alert: Unauthorized transaction of $500 detected. Review: http://bit.ly/fake,1
Urgent: Your account XYZ Bank has been compromised. Click here http://bit.ly/fake to reset.,1
Security Alert: specific login detected from new device.,0
Security Alert: specific login detected from new device.,0
Your order #3254 has been shipped.,0
Security Alert: specific login detected from new device.,0
Urgent: Your account XYZ Bank has been compromised. Click here http://bit.ly/fake to reset.,1
Security Alert: specific login detected from new device.,0
Security Alert: specific login detected from new device.,0
Congratulations! You won a iPhone 15. Claim it at http://bit.ly/fake.,1
Urgent: Your account XYZ Bank has been compromised. Click here http://bit.ly/fake to reset.,1
"Hi, are we still on for lunch?",0
Urgent: Your account XYZ Bank has been compromised. Click here http://bit.ly/fake to reset.,1
Congratulations! You won a iPhone 15. Claim it at http://bit.ly/fake.,1
"Dear user, verify your KYC at http://bit.ly/fake to avoid suspension.",1
Urgent: Your account XYZ Bank has been compromised. Click here http://bit.ly/fake to reset.,1
"Dear user, verify your KYC at http://bit.ly/fake to avoid suspension.",1
Urgent: Your account XYZ Bank has been compromised. Click here http://bit.ly/fake to reset.,1
"Dear user, verify your KYC at http://bit.ly/fake to avoid suspension.",1
Your order #2062 has been shipped.,0
Bank Alert: Unauthorized transaction of $500 detected. Review: http://bit.ly/fake,1
Your order #6031 has been shipped.,0
Urgent: Your account XYZ Bank has been compromised. Click here http://bit.ly/fake to reset.,1
Bank Alert: Unauthorized transaction of $500 detected. Review: http://bit.ly/fake,1
Congratulations! You won a iPhone 15. Claim it at http://bit.ly/fake.,1
"Hi, are we still on for lunch?",0
Meeting reminder: Project sync at 2:00 PM.,0
"Dear user, verify your KYC at http://bit.ly/fake to avoid suspension.",1
Meeting reminder: Project sync at 2:00 PM.,0
Your order #1178 has been shipped.,0
Your order #5687 has been shipped.,0
Urgent: Your account XYZ Bank has been compromised. Click here http://bit.ly/fake to reset.,1
"Hi, are we still on for lunch?",0
Urgent: Your account XYZ Bank has been compromised. Click here http://bit.ly/fake to reset.,1
"Hi, are we still on for lunch?",0
Bank Alert: Unauthorized transaction of $500 detected. Review: http://bit.ly/fake,1
"Hi, are we still on for lunch?",0
"Dear user, verify your KYC at http://bit.ly/fake to avoid suspension.",1
Your order #7065 has been shipped.,0
Security Alert: specific login detected from new device.,0
Security Alert: specific login detected from new device.,0
Your order #2261 has been shipped.,0
Urgent: Your account XYZ Bank has been compromised. Click here http://bit.ly/fake to reset.,1
Security Alert: specific login detected from new device.,0
"Dear user, verify your KYC at http://bit.ly/fake to avoid suspension.",1
"Dear user, verify your KYC at http://bit.ly/fake to avoid suspension.",1
Congratulations! You won a iPhone 15. Claim it at http://bit.ly/fake.,1
"Hi, are we still on for lunch?",0
"Hi, are we still on for lunch?",0
"Hi, are we still on for lunch?",0
Congratulations! You won a iPhone 15. Claim it at http://bit.ly/fake.,1
Congratulations! You won a iPhone 15. Claim it at http://bit.ly/fake.,1
Congratulations! You won a iPhone 15. Claim it at http://bit.ly/fake.,1
"Dear user, verify your KYC at http://bit.ly/fake to avoid suspension.",1
"Hi, are we still on for lunch?",0
Urgent: Your account XYZ Bank has been compromised. Click here http://bit.ly/fake to reset.,1
Bank Alert: Unauthorized transaction of $500 detected. Review: http://bit.ly/fake,1
Your order #5575 has been shipped.,0
Your order #4103 has been shipped.,0
"Dear user, verify your KYC at http://bit.ly/fake to avoid suspension.",1
Meeting reminder: Project sync at 2:00 PM.,0
Urgent: Your account XYZ Bank has been compromised. Click here http://bit.ly/fake to reset.,1
Urgent: Your account XYZ Bank has been compromised. Click here http://bit.ly/fake to reset.,1
"Hi, are we still on for lunch?",0
Meeting reminder: Project sync at 2:00 PM.,0
Your order #3542 has been shipped.,0
Security Alert: specific login detected from new device.,0
Your order #3364 has been shipped.,0
Urgent: Your account XYZ Bank has been compromised. Click here http://bit.ly/fake to reset.,1
"Hi, are we still on for lunch?",0
"Hi, are we still on for lunch?",0
Your order #6324 has been shipped.,0
"Hi, are we still on for lunch?",0
Urgent: Your account XYZ Bank has been compromised. Click here http://bit.ly/fake to reset.,1
Bank Alert: Unauthorized transaction of $500 detected. Review: http://bit.ly/fake,1
Bank Alert: Unauthorized transaction of $500 detected. Review: http://bit.ly/fake,1
Your order #5613 has been shipped.,0
Meeting reminder: Project sync at 2:00 PM.,0
Meeting reminder: Project sync at 2:00 PM.,0
"Hi, are we still on for lunch?",0
Bank Alert: Unauthorized transaction of $500 detected. Review: http://bit.ly/fake,1
"Dear user, verify your KYC at http://bit.ly/fake to avoid suspension.",1
"Hi, are we still on for lunch?",0
Urgent: Your account XYZ Bank has been compromised. Click here http://bit.ly/fake to reset.,1
Bank Alert: Unauthorized transaction of $500 detected. Review: http://bit.ly/fake,1
Urgent: Your account XYZ Bank has been compromised. Click here http://bit.ly/fake to reset.,1
Congratulations! You won a iPhone 15. Claim it at http://bit.ly/fake.,1
Security Alert: specific login detected from new device.,0
Meeting reminder: Project sync at 2:00 PM.,0
Meeting reminder: Project sync at 2:00 PM.,0
Urgent: Your account XYZ Bank has been compromised. Click here http://bit.ly/fake to reset.,1
Meeting reminder: Project sync at 2:00 PM.,0
Meeting reminder: Project sync at 2:00 PM.,0
Congratulations! You won a iPhone 15. Claim it at http://bit.ly/fake.,1
Urgent: Your account XYZ Bank has been compromised. Click here http://bit.ly/fake to reset.,1
Meeting reminder: Project sync at 2:00 PM.,0
"Hi, are we still on for lunch?",0
Security Alert: specific login detected from new device.,0
"Dear user, verify your KYC at http://bit.ly/fake to avoid suspension.",1
Your order #9332 has been shipped.,0
Urgent: Your account XYZ Bank has been compromised. Click here http://bit.ly/fake to reset.,1
Urgent: Your account XYZ Bank has been compromised. Click here http://bit.ly/fake to reset.,1
Meeting reminder: Project sync at 2:00 PM.,0
"Hi, are we still on for lunch?",0
"Dear user, verify your KYC at http://bit.ly/fake to avoid suspension.",1
"Dear user, verify your KYC at http://bit.ly/fake to avoid suspension.",1
"Hi, are we still on for lunch?",0
"Dear user, verify your KYC at http://bit.ly/fake to avoid suspension.",1
Congratulations! You won a iPhone 15. Claim it at http://bit.ly/fake.,1
"Dear user, verify your KYC at http://bit.ly/fake to avoid suspension.",1
"Hi, are we still on for lunch?",0
Security Alert: specific login detected from new device.,0
Your order #4279 has been shipped.,0
Bank Alert: Unauthorized transaction of $500 detected. Review: http://bit.ly/fake,1
Bank Alert: Unauthorized transaction of $500 detected. Review: http://bit.ly/fake,1
Congratulations! You won a iPhone 15. Claim it at http://bit.ly/fake.,1
"Dear user, verify your KYC at http://bit.ly/fake to avoid suspension.",1
Congratulations! You won a iPhone 15. Claim it at http://bit.ly/fake.,1
"Hi, are we still on for lunch?",0
Bank Alert: Unauthorized transaction of $500 detected. Review: http://bit.ly/fake,1
Congratulations! You won a iPhone 15. Claim it at http://bit.ly/fake.,1
Security Alert: specific login detected from new device.,0
Your order #5127 has been shipped.,0
Urgent: Your account XYZ Bank has been compromised. Click here http://bit.ly/fake to reset.,1
Meeting reminder: Project sync at 2:00 PM.,0
"Hi, are we still on for lunch?",0
"Dear user, verify your KYC at http://bit.ly/fake to avoid suspension.",1
Security Alert: specific login detected from new device.,0
Congratulations! You won a iPhone 15. Claim it at http://bit.ly/fake.,1
Your order #7813 has been shipped.,0
Security Alert: specific login detected from new device.,0
Bank Alert: Unauthorized transaction of $500 detected. Review: http://bit.ly/fake,1
Your order #2341 has been shipped.,0
Meeting reminder: Project sync at 2:00 PM.,0
Bank Alert: Unauthorized transaction of $500 detected. Review: http://bit.ly/fake,1
"Dear user, verify your KYC at http://bit.ly/fake to avoid suspension.",1
Meeting reminder: Project sync at 2:00 PM.,0
"Hi, are we still on for lunch?",0
Congratulations! You won a iPhone 15. Claim it at http://bit.ly/fake.,1
Your order #8116 has been shipped.,0
"Hi, are we still on for lunch?",0
Your order #6111 has been shipped.,0
Bank Alert: Unauthorized transaction of $500 detected. Review: http://bit.ly/fake,1
Meeting reminder: Project sync at 2:00 PM.,0
Security Alert: specific login detected from new device.,0
"Dear user, verify your KYC at http://bit.ly/fake to avoid suspension.",1
Security Alert: specific login detected from new device.,0
Meeting reminder: Project sync at 2:00 PM.,0
Security Alert: specific login detected from new device.,0
Bank Alert: Unauthorized transaction of $500 detected. Review: http://bit.ly/fake,1
Your order #2656 has been shipped.,0
Congratulations! You won a iPhone 15. Claim it at http://bit.ly/fake.,1
"Dear user, verify your KYC at http://bit.ly/fake to avoid suspension.",1
Security Alert: specific login detected from new device.,0
"Dear user, verify your KYC at http://bit.ly/fake to avoid suspension.",1
"Dear user, verify your KYC at http://bit.ly/fake to avoid suspension.",1
Your order #6595 has been shipped.,0
"Dear user, verify your KYC at http://bit.ly/fake to avoid suspension.",1
Security Alert: specific login detected from new device.,0
Security Alert: specific login detected from new device.,0
Security Alert: specific login detected from new device.,0
Bank Alert: Unauthorized transaction of $500 detected. Review: http://bit.ly/fake,1
Your order #7632 has been shipped.,0
"Hi, are we still on for lunch?",0
"Dear user, verify your KYC at http://bit.ly/fake to avoid suspension.",1
Congratulations! You won a iPhone 15. Claim it at http://bit.ly/fake.,1
"Hi, are we still on for lunch?",0
Your order #4490 has been shipped.,0
Your order #8049 has been shipped.,0
Congratulations! You won a iPhone 15. Claim it at http://bit.ly/fake.,1
"Hi, are we still on for lunch?",0
"Dear user, verify your KYC at http://bit.ly/fake to avoid suspension.",1
Security Alert: specific login detected from new device.,0
"Dear user, verify your KYC at http://bit.ly/fake to avoid suspension.",1
"Hi, are we still on for lunch?",0
Bank Alert: Unauthorized transaction of $500 detected. Review: http://bit.ly/fake,1
Congratulations! You won a iPhone 15. Claim it at http://bit.ly/fake.,1
Security Alert: specific login detected from new device.,0
Urgent: Your account XYZ Bank has been compromised. Click here http://bit.ly/fake to reset.,1
"Hi, are we still on for lunch?",0
Urgent: Your account XYZ Bank has been compromised. Click here http://bit.ly/fake to reset.,1
Security Alert: specific login detected from new device.,0
"Hi, are we still on for lunch?",0
Congratulations! You won a iPhone 15. Claim it at http://bit.ly/fake.,1
"Dear user, verify your KYC at http://bit.ly/fake to avoid suspension.",1
Your order #5371 has been shipped.,0
Urgent: Your account XYZ Bank has been compromised. Click here http://bit.ly/fake to reset.,1
Urgent: Your account XYZ Bank has been compromised. Click here http://bit.ly/fake to reset.,1
Security Alert: specific login detected from new device.,0
Security Alert: specific login detected from new device.,0
"Hi, are we still on for lunch?",0
Security Alert: specific login detected from new device.,0
Your order #9236 has been shipped.,0
"Hi, are we still on for lunch?",0
Urgent: Your account XYZ Bank has been compromised. Click here http://bit.ly/fake to reset.,1
Urgent: Your account XYZ Bank has been compromised. Click here http://bit.ly/fake to reset.,1
Urgent: Your account XYZ Bank has been compromised. Click here http://bit.ly/fake to reset.,1
Your order #8307 has been shipped.,0
Congratulations! You won a iPhone 15. Claim it at http://bit.ly/fake.,1
Bank Alert: Unauthorized transaction of $500 detected. Review: http://bit.ly/fake,1
Your order #3793 has been shipped.,0
Urgent: Your account XYZ Bank has been compromised. Click here http://bit.ly/fake to reset.,1
Your order #4582 has been shipped.,0
Meeting reminder: Project sync at 2:00 PM.,0
Urgent: Your account XYZ Bank has been compromised. Click here http://bit.ly/fake to reset.,1
Bank Alert: Unauthorized transaction of $500 detected. Review: http://bit.ly/fake,1
Congratulations! You won a iPhone 15. Claim it at http://bit.ly/fake.,1
"Dear user, verify your KYC at http://bit.ly/fake to avoid suspension.",1
"Dear user, verify your KYC at http://bit.ly/fake to avoid suspension.",1
Bank Alert: Unauthorized transaction of $500 detected. Review: http://bit.ly/fake,1
Security Alert: specific login detected from new device.,0
Urgent: Your account XYZ Bank has been compromised. Click here http://bit.ly/fake to reset.,1
Security Alert: specific login detected from new device.,0
Urgent: Your account XYZ Bank has been compromised. Click here http://bit.ly/fake to reset.,1
"Dear user, verify your KYC at http://bit.ly/fake to avoid suspension.",1
Meeting reminder: Project sync at 2:00 PM.,0
Urgent: Your account XYZ Bank has been compromised. Click here http://bit.ly/fake to reset.,1
"Dear user, verify your KYC at http://bit.ly/fake to avoid suspension.",1
Bank Alert: Unauthorized transaction of $500 detected. Review: http://bit.ly/fake,1
Congratulations! You won a iPhone 15. Claim it at http://bit.ly/fake.,1
Your order #5117 has been shipped.,0
Meeting reminder: Project sync at 2:00 PM.,0
Security Alert: specific login detected from new device.,0
Meeting reminder: Project sync at 2:00 PM.,0
"Dear user, verify your KYC at http://bit.ly/fake to avoid suspension.",1
Meeting reminder: Project sync at 2:00 PM.,0
Meeting reminder: Project sync at 2:00 PM.,0
"Hi, are we still on for lunch?",0
Security Alert: specific login detected from new device.,0
Bank Alert: Unauthorized transaction of $500 detected. Review: http://bit.ly/fake,1
Meeting reminder: Project sync at 2:00 PM.,0
Congratulations! You won a iPhone 15. Claim it at http://bit.ly/fake.,1
Meeting reminder: Project sync at 2:00 PM.,0
Meeting reminder: Project sync at 2:00 PM.,0
Security Alert: specific login detected from new device.,0
"Dear user, verify your KYC at http://bit.ly/fake to avoid suspension.",1
Security Alert: specific login detected from new device.,0
Your order #3413 has been shipped.,0
Your order #3580 has been shipped.,0
Your order #9936 has been shipped.,0
Meeting reminder: Project sync at 2:00 PM.,0
Congratulations! You won a iPhone 15. Claim it at http://bit.ly/fake.,1
Meeting reminder: Project sync at 2:00 PM.,0
Urgent: Your account XYZ Bank has been compromised. Click here http://bit.ly/fake to reset.,1
Meeting reminder: Project sync at 2:00 PM.,0
Your order #7296 has been shipped.,0
Urgent: Your account XYZ Bank has been compromised. Click here http://bit.ly/fake to reset.,1
Congratulations! You won a iPhone 15. Claim it at http://bit.ly/fake.,1
Your order #7609 has been shipped.,0
Your order #3141 has been shipped.,0
"Dear user, verify your KYC at http://bit.ly/fake to avoid suspension.",1
"Dear user, verify your KYC at http://bit.ly/fake to avoid suspension.",1
Urgent: Your account XYZ Bank has been compromised. Click here http://bit.ly/fake to reset.,1
Meeting reminder: Project sync at 2:00 PM.,0
"Dear user, verify your KYC at http://bit.ly/fake to avoid suspension.",1
Meeting reminder: Project sync at 2:00 PM.,0
"Hi, are we still on for lunch?",0
Urgent: Your account XYZ Bank has been compromised. Click here http://bit.ly/fake to reset.,1
Bank Alert: Unauthorized transaction of $500 detected. Review: http://bit.ly/fake,1
"Hi, are we still on for lunch?",0
Your order #7811 has been shipped.,0
Bank Alert: Unauthorized transaction of $500 detected. Review: http://bit.ly/fake,1
Your order #1307 has been shipped.,0
Bank Alert: Unauthorized transaction of $500 detected. Review: http://bit.ly/fake,1
"Hi, are we still on for lunch?",0
Your order #6908 has been shipped.,0
Meeting reminder: Project sync at 2:00 PM.,0
Security Alert: specific login detected from new device.,0
Bank Alert: Unauthorized transaction of $500 detected. Review: http://bit.ly/fake,1
"Hi, are we still on for lunch?",0
"Dear user, verify your KYC at http://bit.ly/fake to avoid suspension.",1
Congratulations! You won a iPhone 15. Claim it at http://bit.ly/fake.,1
Bank Alert: Unauthorized transaction of $500 detected. Review: http://bit.ly/fake,1
Security Alert: specific login detected from new device.,0
"Hi, are we still on for lunch?",0
Urgent: Your account XYZ Bank has been compromised. Click here http://bit.ly/fake to reset.,1
Your order #2962 has been shipped.,0
Bank Alert: Unauthorized transaction of $500 detected. Review: http://bit.ly/fake,1
Urgent: Your account XYZ Bank has been compromised. Click here http://bit.ly/fake to reset.,1
Your order #6285 has been shipped.,0
Bank Alert: Unauthorized transaction of $500 detected. Review: http://bit.ly/fake,1
Your order #6390 has been shipped.,0
Congratulations! You won a iPhone 15. Claim it at http://bit.ly/fake.,1
Your order #5715 has been shipped.,0
Urgent: Your account XYZ Bank has been compromised. Click here http://bit.ly/fake to reset.,1
"Hi, are we still on for lunch?",0
Your order #8372 has been shipped.,0
Congratulations! You won a iPhone 15. Claim it at http://bit.ly/fake.,1
Bank Alert: Unauthorized transaction of $500 detected. Review: http://bit.ly/fake,1
Security Alert: specific login detected from new device.,0
Congratulations! You won a iPhone 15. Claim it at http://bit.ly/fake.,1
"Hi, are we still on for lunch?",0
Security Alert: specific login detected from new device.,0
Urgent: Your account XYZ Bank has been compromised. Click here http://bit.ly/fake to reset.,1
Urgent: Your account XYZ Bank has been compromised. Click here http://bit.ly/fake to reset.,1
Security Alert: specific login detected from new device.,0
"Dear user, verify your KYC at http://bit.ly/fake to avoid suspension.",1
Bank Alert: Unauthorized transaction of $500 detected. Review: http://bit.ly/fake,1
"Hi, are we still on for lunch?",0
Meeting reminder: Project sync at 2:00 PM.,0
"Hi, are we still on for lunch?",0
"Dear user, verify your KYC at http://bit.ly/fake to avoid suspension.",1
Congratulations! You won a iPhone 15. Claim it at http://bit.ly/fake.,1
Bank Alert: Unauthorized transaction of $500 detected. Review: http://bit.ly/fake,1
Urgent: Your account XYZ Bank has been compromised. Click here http://bit.ly/fake to reset.,1
Security Alert: specific login detected from new device.,0
Your order #8228 has been shipped.,0
Security Alert: specific login detected from new device.,0
"Dear user, verify your KYC at http://bit.ly/fake to avoid suspension.",1
Congratulations! You won a iPhone 15. Claim it at http://bit.ly/fake.,1
Congratulations! You won a iPhone 15. Claim it at http://bit.ly/fake.,1
Your order #1974 has been shipped.,0
"Hi, are we still on for lunch?",0
Your order #7310 has been shipped.,0
"Hi, are we still on for lunch?",0
Security Alert: specific login detected from new device.,0
Security Alert: specific login detected from new device.,0
Security Alert: specific login detected from new device.,0
Urgent: Your account XYZ Bank has been compromised. Click here http://bit.ly/fake to reset.,1
Your order #8405 has been shipped.,0
Bank Alert: Unauthorized transaction of $500 detected. Review: http://bit.ly/fake,1
Urgent: Your account XYZ Bank has been compromised. Click here http://bit.ly/fake to reset.,1
Congratulations! You won a iPhone 15. Claim it at http://bit.ly/fake.,1
Congratulations! You won a iPhone 15. Claim it at http://bit.ly/fake.,1
Security Alert: specific login detected from new device.,0
Urgent: Your account XYZ Bank has been compromised. Click here http://bit.ly/fake to reset.,1
"Dear user, verify your KYC at http://bit.ly/fake to avoid suspension.",1
Congratulations! You won a iPhone 15. Claim it at http://bit.ly/fake.,1
"Hi, are we still on for lunch?",0
Bank Alert: Unauthorized transaction of $500 detected. Review: http://bit.ly/fake,1
"Dear user, verify your KYC at http://bit.ly/fake to avoid suspension.",1
Security Alert: specific login detected from new device.,0
"Dear user, verify your KYC at http://bit.ly/fake to avoid suspension.",1
Bank Alert: Unauthorized transaction of $500 detected. Review: http://bit.ly/fake,1
Security Alert: specific login detected from new device.,0
"Dear user, verify your KYC at http://bit.ly/fake to avoid suspension.",1
"Dear user, verify your KYC at http://bit.ly/fake to avoid suspension.",1
Urgent: Your account XYZ Bank has been compromised. Click here http://bit.ly/fake to reset.,1
Congratulations! You won a iPhone 15. Claim it at http://bit.ly/fake.,1
Urgent: Your account XYZ Bank has been compromised. Click here http://bit.ly/fake to reset.,1
Security Alert: specific login detected from new device.,0
Security Alert: specific login detected from new device.,0
"Dear user, verify your KYC at http://bit.ly/fake to avoid suspension.",1
Bank Alert: Unauthorized transaction of $500 detected. Review: http://bit.ly/fake,1
Bank Alert: Unauthorized transaction of $500 detected. Review: http://bit.ly/fake,1
Urgent: Your account XYZ Bank has been compromised. Click here http://bit.ly/fake to reset.,1
Security Alert: specific login detected from new device.,0
Meeting reminder: Project sync at 2:00 PM.,0
Congratulations! You won a iPhone 15. Claim it at http://bit.ly/fake.,1
"Dear user, verify your KYC at http://bit.ly/fake to avoid suspension.",1
Meeting reminder: Project sync at 2:00 PM.,0
Congratulations! You won a iPhone 15. Claim it at http://bit.ly/fake.,1
Meeting reminder: Project sync at 2:00 PM.,0
Meeting reminder: Project sync at 2:00 PM.,0
Security Alert: specific login detected from new device.,0
Your order #9418 has been shipped.,0
"Hi, are we still on for lunch?",0
Security Alert: specific login detected from new device.,0
"Dear user, verify your KYC at http://bit.ly/fake to avoid suspension.",1
Meeting reminder: Project sync at 2:00 PM.,0
"Hi, are we still on for lunch?",0
"Dear user, verify your KYC at http://bit.ly/fake to avoid suspension.",1
Urgent: Your account XYZ Bank has been compromised. Click here http://bit.ly/fake to reset.,1
Congratulations! You won a iPhone 15. Claim it at http://bit.ly/fake.,1
Meeting reminder: Project sync at 2:00 PM.,0
Urgent: Your account XYZ Bank has been compromised. Click here http://bit.ly/fake to reset.,1
Urgent: Your account XYZ Bank has been compromised. Click here http://bit.ly/fake to reset.,1
Congratulations! You won a iPhone 15. Claim it at http://bit.ly/fake.,1
Urgent: Your account XYZ Bank has been compromised. Click here http://bit.ly/fake to reset.,1
Urgent: Your account XYZ Bank has been compromised. Click here http://bit.ly/fake to reset.,1
"Dear user, verify your KYC at http://bit.ly/fake to avoid suspension.",1
Security Alert: specific login detected from new device.,0
Urgent: Your account XYZ Bank has been compromised. Click here http://bit.ly/fake to reset.,1
"Hi, are we still on for lunch?",0
Urgent: Your account XYZ Bank has been compromised. Click here http://bit.ly/fake to reset.,1
Security Alert: specific login detected from new device.,0
Congratulations! You won a iPhone 15. Claim it at http://bit.ly/fake.,1
Your order #7447 has been shipped.,0
Security Alert: specific login detected from new device.,0
"Hi, are we still on for lunch?",0
Meeting reminder: Project sync at 2:00 PM.,0
Congratulations! You won a iPhone 15. Claim it at http://bit.ly/fake.,1
Bank Alert: Unauthorized transaction of $500 detected. Review: http://bit.ly/fake,1
"Dear user, verify your KYC at http://bit.ly/fake to avoid suspension.",1
Your order #7777 has been shipped.,0
Your order #8717 has been shipped.,0
Bank Alert: Unauthorized transaction of $500 detected. Review: http://bit.ly/fake,1
Bank Alert: Unauthorized transaction of $500 detected. Review: http://bit.ly/fake,1
Urgent: Your account XYZ Bank has been compromised. Click here http://bit.ly/fake to reset.,1
Bank Alert: Unauthorized transaction of $500 detected. Review: http://bit.ly/fake,1
Meeting reminder: Project sync at 2:00 PM.,0
Security Alert: specific login detected from new device.,0
Meeting reminder: Project sync at 2:00 PM.,0
Security Alert: specific login detected from new device.,0
Meeting reminder: Project sync at 2:00 PM.,0
Urgent: Your account XYZ Bank has been compromised. Click here http://bit.ly/fake to reset.,1
Bank Alert: Unauthorized transaction of $500 detected. Review: http://bit.ly/fake,1
Urgent: Your account XYZ Bank has been compromised. Click here http://bit.ly/fake to reset.,1
Bank Alert: Unauthorized transaction of $500 detected. Review: http://bit.ly/fake,1
Your order #4757 has been shipped.,0
Bank Alert: Unauthorized transaction of $500 detected. Review: http://bit.ly/fake,1
Your order #6298 has been shipped.,0
Your order #2782 has been shipped.,0
Bank Alert: Unauthorized transaction of $500 detected. Review: http://bit.ly/fake,1
Security Alert: specific login detected from new device.,0
"Hi, are we still on for lunch?",0
Your order #5411 has been shipped.,0
Your order #7553 has been shipped.,0
Congratulations! You won a iPhone 15. Claim it at http://bit.ly/fake.,1
Security Alert: specific login detected from new device.,0
Your order #8334 has been shipped.,0
Urgent: Your account XYZ Bank has been compromised. Click here http://bit.ly/fake to reset.,1
Security Alert: specific login detected from new device.,0
"Dear user, verify your KYC at http://bit.ly/fake to avoid suspension.",1
Meeting reminder: Project sync at 2:00 PM.,0
Security Alert: specific login detected from new device.,0
"Dear user, verify your KYC at http://bit.ly/fake to avoid suspension.",1
Urgent: Your account XYZ Bank has been compromised. Click here http://bit.ly/fake to reset.,1
Bank Alert: Unauthorized transaction of $500 detected. Review: http://bit.ly/fake,1
"Dear user, verify your KYC at http://bit.ly/fake to avoid suspension.",1
"Hi, are we still on for lunch?",0
Security Alert: specific login detected from new device.,0
Your order #6710 has been shipped.,0
Your order #1784 has been shipped.,0
Urgent: Your account XYZ Bank has been compromised. Click here http://bit.ly/fake to reset.,1
Urgent: Your account XYZ Bank has been compromised. Click here http://bit.ly/fake to reset.,1
Congratulations! You won a iPhone 15. Claim it at http://bit.ly/fake.,1
Meeting reminder: Project sync at 2:00 PM.,0
Bank Alert: Unauthorized transaction of $500 detected. Review: http://bit.ly/fake,1
"Hi, are we still on for lunch?",0
"Dear user, verify your KYC at http://bit.ly/fake to avoid suspension.",1
Urgent: Your account XYZ Bank has been compromised. Click here http://bit.ly/fake to reset.,1
"Hi, are we still on for lunch?",0
Your order #2404 has been shipped.,0
Bank Alert: Unauthorized transaction of $500 detected. Review: http://bit.ly/fake,1
Bank Alert: Unauthorized transaction of $500 detected. Review: http://bit.ly/fake,1
Congratulations! You won a iPhone 15. Claim it at http://bit.ly/fake.,1
Urgent: Your account XYZ Bank has been compromised. Click here http://bit.ly/fake to reset.,1
"Hi, are we still on for lunch?",0
"Hi, are we still on for lunch?",0
Meeting reminder: Project sync at 2:00 PM.,0
Meeting reminder: Project sync at 2:00 PM.,0
Congratulations! You won a iPhone 15. Claim it at http://bit.ly/fake.,1
"Dear user, verify your KYC at http://bit.ly/fake to avoid suspension.",1
"Hi, are we still on for lunch?",0
Congratulations! You won a iPhone 15. Claim it at http://bit.ly/fake.,1
"Dear user, verify your KYC at http://bit.ly/fake to avoid suspension.",1
Bank Alert: Unauthorized transaction of $500 detected. Review: http://bit.ly/fake,1
Urgent: Your account XYZ Bank has been compromised. Click here http://bit.ly/fake to reset.,1
Security Alert: specific login detected from new device.,0
Congratulations! You won a iPhone 15. Claim it at http://bit.ly/fake.,1
"Dear user, verify your KYC at http://bit.ly/fake to avoid suspension.",1
Meeting reminder: Project sync at 2:00 PM.,0
Meeting reminder: Project sync at 2:00 PM.,0
"Hi, are we still on for lunch?",0
Meeting reminder: Project sync at 2:00 PM.,0
Urgent: Your account XYZ Bank has been compromised. Click here http://bit.ly/fake to reset.,1
Your order #1041 has been shipped.,0
"Hi, are we still on for lunch?",0
Meeting reminder: Project sync at 2:00 PM.,0
Meeting reminder: Project sync at 2:00 PM.,0
Bank Alert: Unauthorized transaction of $500 detected. Review: http://bit.ly/fake,1
Congratulations! You won a iPhone 15. Claim it at http://bit.ly/fake.,1
Urgent: Your account XYZ Bank has been compromised. Click here http://bit.ly/fake to reset.,1
Security Alert: specific login detected from new device.,0
Bank Alert: Unauthorized transaction of $500 detected. Review: http://bit.ly/fake,1
Bank Alert: Unauthorized transaction of $500 detected. Review: http://bit.ly/fake,1
Congratulations! You won a iPhone 15. Claim it at http://bit.ly/fake.,1
Bank Alert: Unauthorized transaction of $500 detected. Review: http://bit.ly/fake,1
"Dear user, verify your KYC at http://bit.ly/fake to avoid suspension.",1
Urgent: Your account XYZ Bank has been compromised. Click here http://bit.ly/fake to reset.,1
"Dear user, verify your KYC at http://bit.ly/fake to avoid suspension.",1
Congratulations! You won a iPhone 15. Claim it at http://bit.ly/fake.,1
Urgent: Your account XYZ Bank has been compromised. Click here http://bit.ly/fake to reset.,1
Urgent: Your account XYZ Bank has been compromised. Click here http://bit.ly/fake to reset.,1
Urgent: Your account XYZ Bank has been compromised. Click here http://bit.ly/fake to reset.,1
Security Alert: specific login detected from new device.,0
Congratulations! You won a iPhone 15. Claim it at http://bit.ly/fake.,1
Congratulations! You won a iPhone 15. Claim it at http://bit.ly/fake.,1
"Dear user, verify your KYC at http://bit.ly/fake to avoid suspension.",1
"Hi, are we still on for lunch?",0
Your order #2391 has been shipped.,0
Urgent: Your account XYZ Bank has been compromised. Click here http://bit.ly/fake to reset.,1
Urgent: Your account XYZ Bank has been compromised. Click here http://bit.ly/fake to reset.,1
Security Alert: specific login detected from new device.,0
"Dear user, verify your KYC at http://bit.ly/fake to avoid suspension.",1
"Dear user, verify your KYC at http://bit.ly/fake to avoid suspension.",1
Urgent: Your account XYZ Bank has been compromised. Click here http://bit.ly/fake to reset.,1
"Hi, are we still on for lunch?",0
Congratulations! You won a iPhone 15. Claim it at http://bit.ly/fake.,1
Security Alert: specific login detected from new device.,0
Your order #1322 has been shipped.,0
"Hi, are we still on for lunch?",0
Your order #6973 has been shipped.,0
Security Alert: specific login detected from new device.,0
"Hi, are we still on for lunch?",0
Your order #9099 has been shipped.,0
Urgent: Your account XYZ Bank has been compromised. Click here http://bit.ly/fake to reset.,1
Your order #7273 has been shipped.,0
Congratulations! You won a iPhone 15. Claim it at http://bit.ly/fake.,1
"Dear user, verify your KYC at http://bit.ly/fake to avoid suspension.",1
Bank Alert: Unauthorized transaction of $500 detected. Review: http://bit.ly/fake,1
Urgent: Your account XYZ Bank has been compromised. Click here http://bit.ly/fake to reset.,1
Security Alert: specific login detected from new device.,0
Congratulations! You won a iPhone 15. Claim it at http://bit.ly/fake.,1
Meeting reminder: Project sync at 2:00 PM.,0
"Dear user, verify your KYC at http://bit.ly/fake to avoid suspension.",1
"Dear user, verify your KYC at http://bit.ly/fake to avoid suspension.",1
Congratulations! You won a iPhone 15. Claim it at http://bit.ly/fake.,1
"Dear user, verify your KYC at http://bit.ly/fake to avoid suspension.",1
Congratulations! You won a iPhone 15. Claim it at http://bit.ly/fake.,1
"Dear user, verify your KYC at http://bit.ly/fake to avoid suspension.",1
Congratulations! You won a iPhone 15. Claim it at http://bit.ly/fake.,1
"Hi, are we still on for lunch?",0
Urgent: Your account XYZ Bank has been compromised. Click here http://bit.ly/fake to reset.,1
Your order #9612 has been shipped.,0
Security Alert: specific login detected from new device.,0
Urgent: Your account XYZ Bank has been compromised. Click here http://bit.ly/fake to reset.,1
Your order #6894 has been shipped.,0
Security Alert: specific login detected from new device.,0
Bank Alert: Unauthorized transaction of $500 detected. Review: http://bit.ly/fake,1
Congratulations! You won a iPhone 15. Claim it at http://bit.ly/fake.,1
"Hi, are we still on for lunch?",0
Congratulations! You won a iPhone 15. Claim it at http://bit.ly/fake.,1
"Hi, are we still on for lunch?",0
Urgent: Your account XYZ Bank has been compromised. Click here http://bit.ly/fake to reset.,1
Urgent: Your account XYZ Bank has been compromised. Click here http://bit.ly/fake to reset.,1
Congratulations! You won a iPhone 15. Claim it at http://bit.ly/fake.,1
Congratulations! You won a iPhone 15. Claim it at http://bit.ly/fake.,1
Congratulations! You won a iPhone 15. Claim it at http://bit.ly/fake.,1
Urgent: Your account XYZ Bank has been compromised. Click here http://bit.ly/fake to reset.,1
Meeting reminder: Project sync at 2:00 PM.,0
Your order #1996 has been shipped.,0
Urgent: Your account XYZ Bank has been compromised. Click here http://bit.ly/fake to reset.,1
"Dear user, verify your KYC at http://bit.ly/fake to avoid suspension.",1
Urgent: Your account XYZ Bank has been compromised. Click here http://bit.ly/fake to reset.,1
Urgent: Your account XYZ Bank has been compromised. Click here http://bit.ly/fake to reset.,1
Meeting reminder: Project sync at 2:00 PM.,0
Security Alert: specific login detected from new device.,0
"Dear user, verify your KYC at http://bit.ly/fake to avoid suspension.",1
"Dear user, verify your KYC at http://bit.ly/fake to avoid suspension.",1
Meeting reminder: Project sync at 2:00 PM.,0
Congratulations! You won a iPhone 15. Claim it at http://bit.ly/fake.,1
Congratulations! You won a iPhone 15. Claim it at http://bit.ly/fake.,1
Meeting reminder: Project sync at 2:00 PM.,0
"Dear user, verify your KYC at http://bit.ly/fake to avoid suspension.",1
Bank Alert: Unauthorized transaction of $500 detected. Review: http://bit.ly/fake,1
"Dear user, verify your KYC at http://bit.ly/fake to avoid suspension.",1
Meeting reminder: Project sync at 2:00 PM.,0
Security Alert: specific login detected from new device.,0
"Hi, are we still on for lunch?",0
Bank Alert: Unauthorized transaction of $500 detected. Review: http://bit.ly/fake,1
Your order #1884 has been shipped.,0
Security Alert: specific login detected from new device.,0
Security Alert: specific login detected from new device.,0
Your order #8806 has been shipped.,0
Congratulations! You won a iPhone 15. Claim it at http://bit.ly/fake.,1
Urgent: Your account XYZ Bank has been compromised. Click here http://bit.ly/fake to reset.,1
Meeting reminder: Project sync at 2:00 PM.,0
Bank Alert: Unauthorized transaction of $500 detected. Review: http://bit.ly/fake,1
"Hi, are we still on for lunch?",0
"Dear user, verify your KYC at http://bit.ly/fake to avoid suspension.",1
Security Alert: specific login detected from new device.,0
Congratulations! You won a iPhone 15. Claim it at http://bit.ly/fake.,1
Meeting reminder: Project sync at 2:00 PM.,0
"Dear user, verify your KYC at http://bit.ly/fake to avoid suspension.",1
Bank Alert: Unauthorized transaction of $500 detected. Review: http://bit.ly/fake,1
Bank Alert: Unauthorized transaction of $500 detected. Review: http://bit.ly/fake,1
Urgent: Your account XYZ Bank has been compromised. Click here http://bit.ly/fake to reset.,1
Congratulations! You won a iPhone 15. Claim it at http://bit.ly/fake.,1
Bank Alert: Unauthorized transaction of $500 detected. Review: http://bit.ly/fake,1
"Dear user, verify your KYC at http://bit.ly/fake to avoid suspension.",1
Bank Alert: Unauthorized transaction of $500 detected. Review: http://bit.ly/fake,1
Bank Alert: Unauthorized transaction of $500 detected. Review: http://bit.ly/fake,1
Meeting reminder: Project sync at 2:00 PM.,0
Meeting reminder: Project sync at 2:00 PM.,0
Your order #9003 has been shipped.,0
Congratulations! You won a iPhone 15. Claim it at http://bit.ly/fake.,1
Meeting reminder: Project sync at 2:00 PM.,0
"Hi, are we still on for lunch?",0
Urgent: Your account XYZ Bank has been compromised. Click here http://bit.ly/fake to reset.,1
Urgent: Your account XYZ Bank has been compromised. Click here http://bit.ly/fake to reset.,1
Congratulations! You won a iPhone 15. Claim it at http://bit.ly/fake.,1
Security Alert: specific login detected from new device.,0
Meeting reminder: Project sync at 2:00 PM.,0
Security Alert: specific login detected from new device.,0
Urgent: Your account XYZ Bank has been compromised. Click here http://bit.ly/fake to reset.,1
Urgent: Your account XYZ Bank has been compromised. Click here http://bit.ly/fake to reset.,1
Urgent: Your account XYZ Bank has been compromised. Click here http://bit.ly/fake to reset.,1
"Dear user, verify your KYC at http://bit.ly/fake to avoid suspension.",1
"Hi, are we still on for lunch?",0
Your order #7752 has been shipped.,0
"Dear user, verify your KYC at http://bit.ly/fake to avoid suspension.",1
Your order #7617 has been shipped.,0
Meeting reminder: Project sync at 2:00 PM.,0
Meeting reminder: Project sync at 2:00 PM.,0
Security Alert: specific login detected from new device.,0
Bank Alert: Unauthorized transaction of $500 detected. Review: http://bit.ly/fake,1
"Dear user, verify your KYC at http://bit.ly/fake to avoid suspension.",1
Congratulations! You won a iPhone 15. Claim it at http://bit.ly/fake.,1
Congratulations! You won a iPhone 15. Claim it at http://bit.ly/fake.,1
Congratulations! You won a iPhone 15. Claim it at http://bit.ly/fake.,1
Congratulations! You won a iPhone 15. Claim it at http://bit.ly/fake.,1
Your order #7183 has been shipped.,0
"Hi, are we still on for lunch?",0
Meeting reminder: Project sync at 2:00 PM.,0
Your order #2079 has been shipped.,0
Security Alert: specific login detected from new device.,0
Bank Alert: Unauthorized transaction of $500 detected. Review: http://bit.ly/fake,1
Meeting reminder: Project sync at 2:00 PM.,0
Bank Alert: Unauthorized transaction of $500 detected. Review: http://bit.ly/fake,1
Security Alert: specific login detected from new device.,0
Your order #4972 has been shipped.,0
Meeting reminder: Project sync at 2:00 PM.,0
"Hi, are we still on for lunch?",0
Your order #1495 has been shipped.,0
"Hi, are we still on for lunch?",0
Urgent: Your account XYZ Bank has been compromised. Click here http://bit.ly/fake to reset.,1
Urgent: Your account XYZ Bank has been compromised. Click here http://bit.ly/fake to reset.,1
Meeting reminder: Project sync at 2:00 PM.,0
Meeting reminder: Project sync at 2:00 PM.,0
Urgent: Your account XYZ Bank has been compromised. Click here http://bit.ly/fake to reset.,1
Bank Alert: Unauthorized transaction of $500 detected. Review: http://bit.ly/fake,1
Bank Alert: Unauthorized transaction of $500 detected. Review: http://bit.ly/fake,1
Security Alert: specific login detected from new device.,0
Your order #2817 has been shipped.,0
"Hi, are we still on for lunch?",0
Your order #1716 has been shipped.,0
Your order #2312 has been shipped.,0
Security Alert: specific login detected from new device.,0
Bank Alert: Unauthorized transaction of $500 detected. Review: http://bit.ly/fake,1
Urgent: Your account XYZ Bank has been compromised. Click here http://bit.ly/fake to reset.,1
Your order #9642 has been shipped.,0
Your order #5561 has been shipped.,0
"Dear user, verify your KYC at http://bit.ly/fake to avoid suspension.",1
Meeting reminder: Project sync at 2:00 PM.,0
Urgent: Your account XYZ Bank has been compromised. Click here http://bit.ly/fake to reset.,1
Your order #9489 has been shipped.,0
Urgent: Your account XYZ Bank has been compromised. Click here http://bit.ly/fake to reset.,1
Urgent: Your account XYZ Bank has been compromised. Click here http://bit.ly/fake to reset.,1
"Dear user, verify your KYC at http://bit.ly/fake to avoid suspension.",1
Bank Alert: Unauthorized transaction of $500 detected. Review: http://bit.ly/fake,1
Congratulations! You won a iPhone 15. Claim it at http://bit.ly/fake.,1
Urgent: Your account XYZ Bank has been compromised. Click here http://bit.ly/fake to reset.,1
Congratulations! You won a iPhone 15. Claim it at http://bit.ly/fake.,1
"Hi, are we still on for lunch?",0
Your order #9005 has been shipped.,0
"Dear user, verify your KYC at http://bit.ly/fake to avoid suspension.",1
Meeting reminder: Project sync at 2:00 PM.,0
Congratulations! You won a iPhone 15. Claim it at http://bit.ly/fake.,1
Congratulations! You won a iPhone 15. Claim it at http://bit.ly/fake.,1
Your order #8776 has been shipped.,0
Meeting reminder: Project sync at 2:00 PM.,0
Congratulations! You won a iPhone 15. Claim it at http://bit.ly/fake.,1
Your order #8587 has been shipped.,0
Congratulations! You won a iPhone 15. Claim it at http://bit.ly/fake.,1
Urgent: Your account XYZ Bank has been compromised. Click here http://bit.ly/fake to reset.,1
Congratulations! You won a iPhone 15. Claim it at http://bit.ly/fake.,1
Security Alert: specific login detected from new device.,0
Bank Alert: Unauthorized transaction of $500 detected. Review: http://bit.ly/fake,1
Urgent: Your account XYZ Bank has been compromised. Click here http://bit.ly/fake to reset.,1
Bank Alert: Unauthorized transaction of $500 detected. Review: http://bit.ly/fake,1
Congratulations! You won a iPhone 15. Claim it at http://bit.ly/fake.,1
Bank Alert: Unauthorized transaction of $500 detected. Review: http://bit.ly/fake,1
Meeting reminder: Project sync at 2:00 PM.,0
Security Alert: specific login detected from new device.,0
Bank Alert: Unauthorized transaction of $500 detected. Review: http://bit.ly/fake,1
"Dear user, verify your KYC at http://bit.ly/fake to avoid suspension.",1
Security Alert: specific login detected from new device.,0
Security Alert: specific login detected from new device.,0
Meeting reminder: Project sync at 2:00 PM.,0
Security Alert: specific login detected from new device.,0
Meeting reminder: Project sync at 2:00 PM.,0
Congratulations! You won a iPhone 15. Claim it at http://bit.ly/fake.,1
Bank Alert: Unauthorized transaction of $500 detected. Review: http://bit.ly/fake,1
Security Alert: specific login detected from new device.,0
"Dear user, verify your KYC at http://bit.ly/fake to avoid suspension.",1
Urgent: Your account XYZ Bank has been compromised. Click here http://bit.ly/fake to reset.,1
Security Alert: specific login detected from new device.,0
Urgent: Your account XYZ Bank has been compromised. Click here http://bit.ly/fake to reset.,1
"Dear user, verify your KYC at http://bit.ly/fake to avoid suspension.",1
Bank Alert: Unauthorized transaction of $500 detected. Review: http://bit.ly/fake,1
"Hi, are we still on for lunch?",0
Bank Alert: Unauthorized transaction of $500 detected. Review: http://bit.ly/fake,1
Security Alert: specific login detected from new device.,0
Meeting reminder: Project sync at 2:00 PM.,0
Bank Alert: Unauthorized transaction of $500 detected. Review: http://bit.ly/fake,1
Bank Alert: Unauthorized transaction of $500 detected. Review: http://bit.ly/fake,1
Meeting reminder: Project sync at 2:00 PM.,0
Your order #6595 has been shipped.,0
Security Alert: specific login detected from new device.,0
"Hi, are we still on for lunch?",0
Meeting reminder: Project sync at 2:00 PM.,0
"Dear user, verify your KYC at http://bit.ly/fake to avoid suspension.",1
"Hi, are we still on for lunch?",0
Your order #1500 has been shipped.,0
Security Alert: specific login detected from new device.,0
Urgent: Your account XYZ Bank has been compromised. Click here http://bit.ly/fake to reset.,1
Congratulations! You won a iPhone 15. Claim it at http://bit.ly/fake.,1
Meeting reminder: Project sync at 2:00 PM.,0
"Hi, are we still on for lunch?",0
Urgent: Your account XYZ Bank has been compromised. Click here http://bit.ly/fake to reset.,1
Urgent: Your account XYZ Bank has been compromised. Click here http://bit.ly/fake to reset.,1
Bank Alert: Unauthorized transaction of $500 detected. Review: http://bit.ly/fake,1
Meeting reminder: Project sync at 2:00 PM.,0
Congratulations! You won a iPhone 15. Claim it at http://bit.ly/fake.,1
Meeting reminder: Project sync at 2:00 PM.,0
Your order #9431 has been shipped.,0
"Hi, are we still on for lunch?",0
"Hi, are we still on for lunch?",0
Your order #8770 has been shipped.,0
Security Alert: specific login detected from new device.,0
Congratulations! You won a iPhone 15. Claim it at http://bit.ly/fake.,1
Urgent: Your account XYZ Bank has been compromised. Click here http://bit.ly/fake to reset.,1
Security Alert: specific login detected from new device.,0
Congratulations! You won a iPhone 15. Claim it at http://bit.ly/fake.,1
Security Alert: specific login detected from new device.,0
"Hi, are we still on for lunch?",0
Your order #2436 has been shipped.,0
Your order #7096 has been shipped.,0
Congratulations! You won a iPhone 15. Claim it at http://bit.ly/fake.,1
"Dear user, verify your KYC at http://bit.ly/fake to avoid suspension.",1
Security Alert: specific login detected from new device.,0
"Hi, are we still on for lunch?",0
Bank Alert: Unauthorized transaction of $500 detected. Review: http://bit.ly/fake,1
Your order #6026 has been shipped.,0
Meeting reminder: Project sync at 2:00 PM.,0
Meeting reminder: Project sync at 2:00 PM.,0
Congratulations! You won a iPhone 15. Claim it at http://bit.ly/fake.,1
Congratulations! You won a iPhone 15. Claim it at http://bit.ly/fake.,1
"Dear user, verify your KYC at http://bit.ly/fake to avoid suspension.",1
Bank Alert: Unauthorized transaction of $500 detected. Review: http://bit.ly/fake,1
"Hi, are we still on for lunch?",0
Bank Alert: Unauthorized transaction of $500 detected. Review: http://bit.ly/fake,1
Security Alert: specific login detected from new device.,0
Congratulations! You won a iPhone 15. Claim it at http://bit.ly/fake.,1
Bank Alert: Unauthorized transaction of $500 detected. Review: http://bit.ly/fake,1
Security Alert: specific login detected from new device.,0
Urgent: Your account XYZ Bank has been compromised. Click here http://bit.ly/fake to reset.,1
Security Alert: specific login detected from new device.,0
Security Alert: specific login detected from new device.,0
Urgent: Your account XYZ Bank has been compromised. Click here http://bit.ly/fake to reset.,1
Meeting reminder: Project sync at 2:00 PM.,0
Urgent: Your account XYZ Bank has been compromised. Click here http://bit.ly/fake to reset.,1
Urgent: Your account XYZ Bank has been compromised. Click here http://bit.ly/fake to reset.,1
Meeting reminder: Project sync at 2:00 PM.,0
Your order #1022 has been shipped.,0
Urgent: Your account XYZ Bank has been compromised. Click here http://bit.ly/fake to reset.,1
Meeting reminder: Project sync at 2:00 PM.,0
"Hi, are we still on for lunch?",0
"Hi, are we still on for lunch?",0
Your order #9054 has been shipped.,0
"Dear user, verify your KYC at http://bit.ly/fake to avoid suspension.",1
Urgent: Your account XYZ Bank has been compromised. Click here http://bit.ly/fake to reset.,1
Security Alert: specific login detected from new device.,0
Meeting reminder: Project sync at 2:00 PM.,0
Security Alert: specific login detected from new device.,0
Security Alert: specific login detected from new device.,0
Meeting reminder: Project sync at 2:00 PM.,0
Security Alert: specific login detected from new device.,0
Bank Alert: Unauthorized transaction of $500 detected. Review: http://bit.ly/fake,1
Meeting reminder: Project sync at 2:00 PM.,0
Your order #3657 has been shipped.,0
"Hi, are we still on for lunch?",0
Bank Alert: Unauthorized transaction of $500 detected. Review: http://bit.ly/fake,1
"Hi, are we still on for lunch?",0
Security Alert: specific login detected from new device.,0
"Hi, are we still on for lunch?",0
Bank Alert: Unauthorized transaction of $500 detected. Review: http://bit.ly/fake,1
Your order #1723 has been shipped.,0
Security Alert: specific login detected from new device.,0
Bank Alert: Unauthorized transaction of $500 detected. Review: http://bit.ly/fake,1
Security Alert: specific login detected from new device.,0
Security Alert: specific login detected from new device.,0
Congratulations! You won a iPhone 15. Claim it at http://bit.ly/fake.,1
Meeting reminder: Project sync at 2:00 PM.,0
"Dear user, verify your KYC at http://bit.ly/fake to avoid suspension.",1
"Hi, are we still on for lunch?",0
Congratulations! You won a iPhone 15. Claim it at http://bit.ly/fake.,1
Bank Alert: Unauthorized transaction of $500 detected. Review: http://bit.ly/fake,1
"Hi, are we still on for lunch?",0
"Dear user, verify your KYC at http://bit.ly/fake to avoid suspension.",1
Congratulations! You won a iPhone 15. Claim it at http://bit.ly/fake.,1
Bank Alert: Unauthorized transaction of $500 detected. Review: http://bit.ly/fake,1
Your order #2041 has been shipped.,0
Bank Alert: Unauthorized transaction of $500 detected. Review: http://bit.ly/fake,1
Urgent: Your account XYZ Bank has been compromised. Click here http://bit.ly/fake to reset.,1
Your order #5491 has been shipped.,0
Urgent: Your account XYZ Bank has been compromised. Click here http://bit.ly/fake to reset.,1
"Dear user, verify your KYC at http://bit.ly/fake to avoid suspension.",1
Bank Alert: Unauthorized transaction of $500 detected. Review: http://bit.ly/fake,1
Security Alert: specific login detected from new device.,0
Bank Alert: Unauthorized transaction of $500 detected. Review: http://bit.ly/fake,1
Meeting reminder: Project sync at 2:00 PM.,0
Your order #8148 has been shipped.,0
"Hi, are we still on for lunch?",0
Urgent: Your account XYZ Bank has been compromised. Click here http://bit.ly/fake to reset.,1
Security Alert: specific login detected from new device.,0
Urgent: Your account XYZ Bank has been compromised. Click here http://bit.ly/fake to reset.,1
Your order #7698 has been shipped.,0
Security Alert: specific login detected from new device.,0
Bank Alert: Unauthorized transaction of $500 detected. Review: http://bit.ly/fake,1
Congratulations! You won a iPhone 15. Claim it at http://bit.ly/fake.,1
Bank Alert: Unauthorized transaction of $500 detected. Review: http://bit.ly/fake,1
"Hi, are we still on for lunch?",0
Meeting reminder: Project sync at 2:00 PM.,0
"Hi, are we still on for lunch?",0
Congratulations! You won a iPhone 15. Claim it at http://bit.ly/fake.,1
Meeting reminder: Project sync at 2:00 PM.,0
Bank Alert: Unauthorized transaction of $500 detected. Review: http://bit.ly/fake,1
"Dear user, verify your KYC at http://bit.ly/fake to avoid suspension.",1
Urgent: Your account XYZ Bank has been compromised. Click here http://bit.ly/fake to reset.,1
Bank Alert: Unauthorized transaction of $500 detected. Review: http://bit.ly/fake,1
Meeting reminder: Project sync at 2:00 PM.,0
Congratulations! You won a iPhone 15. Claim it at http://bit.ly/fake.,1
Security Alert: specific login detected from new device.,0
Bank Alert: Unauthorized transaction of $500 detected. Review: http://bit.ly/fake,1
Urgent: Your account XYZ Bank has been compromised. Click here http://bit.ly/fake to reset.,1
Bank Alert: Unauthorized transaction of $500 detected. Review: http://bit.ly/fake,1
"Dear user, verify your KYC at http://bit.ly/fake to avoid suspension.",1
"Dear user, verify your KYC at http://bit.ly/fake to avoid suspension.",1
Security Alert: specific login detected from new device.,0
Bank Alert: Unauthorized transaction of $500 detected. Review: http://bit.ly/fake,1
"Dear user, verify your KYC at http://bit.ly/fake to avoid suspension.",1
Security Alert: specific login detected from new device.,0
Meeting reminder: Project sync at 2:00 PM.,0
Meeting reminder: Project sync at 2:00 PM.,0
Your order #7765 has been shipped.,0
Meeting reminder: Project sync at 2:00 PM.,0
Your order #3355 has been shipped.,0
"Hi, are we still on for lunch?",0
Congratulations! You won a iPhone 15. Claim it at http://bit.ly/fake.,1
Your order #7709 has been shipped.,0
Bank Alert: Unauthorized transaction of $500 detected. Review: http://bit.ly/fake,1
Congratulations! You won a iPhone 15. Claim it at http://bit.ly/fake.,1
Your order #7663 has been shipped.,0
Meeting reminder: Project sync at 2:00 PM.,0
Meeting reminder: Project sync at 2:00 PM.,0
Your order #4214 has been shipped.,0
"Dear user, verify your KYC at http://bit.ly/fake to avoid suspension.",1
Security Alert: specific login detected from new device.,0
Urgent: Your account XYZ Bank has been compromised. Click here http://bit.ly/fake to reset.,1
Meeting reminder: Project sync at 2:00 PM.,0
Urgent: Your account XYZ Bank has been compromised. Click here http://bit.ly/fake to reset.,1
"Dear user, verify your KYC at http://bit.ly/fake to avoid suspension.",1
Meeting reminder: Project sync at 2:00 PM.,0
Meeting reminder: Project sync at 2:00 PM.,0
Security Alert: specific login detected from new device.,0
"Dear user, verify your KYC at http://bit.ly/fake to avoid suspension.",1
Congratulations! You won a iPhone 15. Claim it at http://bit.ly/fake.,1
Urgent: Your account XYZ Bank has been compromised. Click here http://bit.ly/fake to reset.,1
Meeting reminder: Project sync at 2:00 PM.,0
Urgent: Your account XYZ Bank has been compromised. Click here http://bit.ly/fake to reset.,1
"Hi, are we still on for lunch?",0
Your order #7189 has been shipped.,0
Your order #7409 has been shipped.,0
Your order #5080 has been shipped.,0
Urgent: Your account XYZ Bank has been compromised. Click here http://bit.ly/fake to reset.,1
Security Alert: specific login detected from new device.,0
"Hi, are we still on for lunch?",0
"Hi, are we still on for lunch?",0
Security Alert: specific login detected from new device.,0
Congratulations! You won a iPhone 15. Claim it at http://bit.ly/fake.,1
Your order #9621 has been shipped.,0
Your order #3108 has been shipped.,0
Your order #3928 has been shipped.,0
Security Alert: specific login detected from new device.,0
"Dear user, verify your KYC at http://bit.ly/fake to avoid suspension.",1
Security Alert: specific login detected from new device.,0
Meeting reminder: Project sync at 2:00 PM.,0
Bank Alert: Unauthorized transaction of $500 detected. Review: http://bit.ly/fake,1
Security Alert: specific login detected from new device.,0
Bank Alert: Unauthorized transaction of $500 detected. Review: http://bit.ly/fake,1
Bank Alert: Unauthorized transaction of $500 detected. Review: http://bit.ly/fake,1
Congratulations! You won a iPhone 15. Claim it at http://bit.ly/fake.,1
Your order #1715 has been shipped.,0
Bank Alert: Unauthorized transaction of $500 detected. Review: http://bit.ly/fake,1
Meeting reminder: Project sync at 2:00 PM.,0
"Hi, are we still on for lunch?",0
"Dear user, verify your KYC at http://bit.ly/fake to avoid suspension.",1
"Dear user, verify your KYC at http://bit.ly/fake to avoid suspension.",1
"Dear user, verify your KYC at http://bit.ly/fake to avoid suspension.",1
Security Alert: specific login detected from new device.,0
Urgent: Your account XYZ Bank has been compromised. Click here http://bit.ly/fake to reset.,1
Bank Alert: Unauthorized transaction of $500 detected. Review: http://bit.ly/fake,1
"Dear user, verify your KYC at http://bit.ly/fake to avoid suspension.",1
"Dear user, verify your KYC at http://bit.ly/fake to avoid suspension.",1
"Dear user, verify your KYC at http://bit.ly/fake to avoid suspension.",1
"Dear user, verify your KYC at http://bit.ly/fake to avoid suspension.",1
Congratulations! You won a iPhone 15. Claim it at http://bit.ly/fake.,1
Urgent: Your account XYZ Bank has been compromised. Click here http://bit.ly/fake to reset.,1
Bank Alert: Unauthorized transaction of $500 detected. Review: http://bit.ly/fake,1
Meeting reminder: Project sync at 2:00 PM.,0
Congratulations! You won a iPhone 15. Claim it at http://bit.ly/fake.,1
Meeting reminder: Project sync at 2:00 PM.,0
Security Alert: specific login detected from new device.,0
Congratulations! You won a iPhone 15. Claim it at http://bit.ly/fake.,1
Urgent: Your account XYZ Bank has been compromised. Click here http://bit.ly/fake to reset.,1
